# Host: localhost  (Version 5.5.5-10.1.29-MariaDB)
# Date: 2019-01-14 08:18:56
# Generator: MySQL-Front 6.0  (Build 2.20)


#
# Structure for table "groups"
#

DROP TABLE IF EXISTS `groups`;
CREATE TABLE `groups` (
  `id` int(1) NOT NULL AUTO_INCREMENT,
  `name` varchar(35) NOT NULL,
  PRIMARY KEY (`id`)
) ENGINE=InnoDB AUTO_INCREMENT=3 DEFAULT CHARSET=latin1;

#
# Data for table "groups"
#

INSERT INTO `groups` VALUES (1,'admin'),(2,'member');

#
# Structure for table "tb_invoices"
#

DROP TABLE IF EXISTS `tb_invoices`;
CREATE TABLE `tb_invoices` (
  `id` int(10) NOT NULL AUTO_INCREMENT,
  `date` datetime NOT NULL,
  `due_date` datetime NOT NULL,
  `user_id` int(10) NOT NULL,
  `status` enum('paid','confirmed','unpaid','canceled','expired') NOT NULL DEFAULT 'paid',
  PRIMARY KEY (`id`)
) ENGINE=InnoDB AUTO_INCREMENT=25 DEFAULT CHARSET=latin1;

#
# Data for table "tb_invoices"
#

INSERT INTO `tb_invoices` VALUES (14,'2018-11-06 10:55:09','2018-11-07 10:55:09',2,'confirmed'),(15,'2018-11-06 13:34:20','2018-11-07 13:34:20',2,'confirmed'),(16,'2018-11-07 14:36:52','2018-11-08 14:36:52',2,'confirmed'),(20,'2018-11-13 12:34:18','2018-11-14 12:34:18',3,'confirmed'),(22,'2018-11-13 12:37:03','2018-11-14 12:37:03',3,'confirmed'),(23,'2018-12-03 06:06:25','2018-12-04 06:06:25',2,'confirmed'),(24,'2018-12-11 16:29:57','2018-12-12 16:29:57',2,'confirmed');

#
# Structure for table "tb_orders"
#

DROP TABLE IF EXISTS `tb_orders`;
CREATE TABLE `tb_orders` (
  `id` int(10) NOT NULL AUTO_INCREMENT,
  `invoice_id` int(10) DEFAULT NULL,
  `products_id` int(10) NOT NULL,
  `products_name` varchar(50) NOT NULL,
  `qty` int(3) DEFAULT NULL,
  `price` int(10) DEFAULT NULL,
  `user_id` int(11) DEFAULT NULL,
  PRIMARY KEY (`id`)
) ENGINE=InnoDB AUTO_INCREMENT=24 DEFAULT CHARSET=latin1;

#
# Data for table "tb_orders"
#

INSERT INTO `tb_orders` VALUES (2,2,9,'Kemeja',1,80000,NULL),(3,3,9,'Kemeja',1,80000,NULL),(4,4,9,'Kemeja',3,80000,NULL),(5,8,9,'Kemeja',2,80000,NULL),(6,9,9,'Kemeja',5,80000,NULL),(7,9,7,'Keyboard Paket',5,120000,NULL),(8,10,9,'Kemeja',2,80000,NULL),(9,13,9,'Kemeja',2,80000,NULL),(10,14,7,'Keyboard Paket',2,120000,NULL),(11,14,9,'Kemeja',2,80000,NULL),(12,15,9,'Kemeja',3,80000,NULL),(13,16,9,'Kemeja',2,80000,NULL),(14,16,7,'Keyboard Paket',2,120000,NULL),(15,17,9,'Kemeja',1,80000,NULL),(16,17,7,'Keyboard Paket',1,120000,NULL),(17,20,7,'Keyboard Paket',5,120000,NULL),(18,20,9,'Kemeja',3,80000,NULL),(19,22,9,'Kemeja',1,80000,NULL),(20,22,7,'Keyboard Paket',1,120000,NULL),(21,23,7,'Keyboard Paket',2,120000,NULL),(22,23,9,'Kemeja',2,80000,NULL),(23,24,9,'Kemeja',1,80000,NULL);

#
# Structure for table "tb_products"
#

DROP TABLE IF EXISTS `tb_products`;
CREATE TABLE `tb_products` (
  `id` int(10) NOT NULL AUTO_INCREMENT,
  `name` varchar(50) DEFAULT NULL,
  `description` text,
  `price` int(10) DEFAULT NULL,
  `stock` int(3) DEFAULT NULL,
  `image` text,
  PRIMARY KEY (`id`)
) ENGINE=InnoDB AUTO_INCREMENT=10 DEFAULT CHARSET=latin1;

#
# Data for table "tb_products"
#

INSERT INTO `tb_products` VALUES (7,'Keyboard Paket','Keyboard Gaming + Mouse',120000,24444,'mykarya1.jpg'),(9,'Kemeja','Kemeja Casual',80000,15,'baju2.jpg');

#
# Structure for table "tb_users"
#

DROP TABLE IF EXISTS `tb_users`;
CREATE TABLE `tb_users` (
  `user_id` int(11) NOT NULL AUTO_INCREMENT,
  `username` varchar(35) NOT NULL,
  `password` varchar(100) DEFAULT NULL,
  `groups` tinyint(4) DEFAULT NULL,
  PRIMARY KEY (`user_id`)
) ENGINE=InnoDB AUTO_INCREMENT=4 DEFAULT CHARSET=latin1;

#
# Data for table "tb_users"
#

INSERT INTO `tb_users` VALUES (1,'admin','admin',1),(2,'wahyu','wahyu',2),(3,'pramudya','pramudya',2);

#
# Structure for table "toko_sessions"
#

DROP TABLE IF EXISTS `toko_sessions`;
CREATE TABLE `toko_sessions` (
  `id` varchar(128) NOT NULL,
  `ip_address` varchar(45) NOT NULL,
  `timestamp` int(10) unsigned NOT NULL DEFAULT '0',
  `data` blob NOT NULL,
  KEY `ci_sessions_timestamp` (`timestamp`)
) ENGINE=InnoDB DEFAULT CHARSET=latin1;

#
# Data for table "toko_sessions"
#

INSERT INTO `toko_sessions` VALUES ('gukrigcg1gsg7qh070323omqqppsullr','::1',1540710551,X'5F5F63695F6C6173745F726567656E65726174657C693A313534303731303535313B'),('nikvga6h7epec2ie1pc1hgf8ogimvr4t','::1',1540710909,X'5F5F63695F6C6173745F726567656E65726174657C693A313534303731303930393B'),('prjtfqedl3b4o928c3q5ui8f72b0ub5c','::1',1540712028,X'5F5F63695F6C6173745F726567656E65726174657C693A313534303731323032383B'),('fmk95sp7uu5ko5bq9vrdoj4tabunci9o','::1',1540712910,X'5F5F63695F6C6173745F726567656E65726174657C693A313534303731323931303B'),('lfvjlv9q2fdm1g59277cfhgpervatdfk','::1',1540713317,X'5F5F63695F6C6173745F726567656E65726174657C693A313534303731333331373B'),('0426ied82d4cs416euqv986upd764ba2','::1',1540713751,X'5F5F63695F6C6173745F726567656E65726174657C693A313534303731333735313B'),('r4237karkv85gtq48di87r9u5r1bkc7p','::1',1540714510,X'5F5F63695F6C6173745F726567656E65726174657C693A313534303731343531303B'),('dc9psq2m29h9k82vos86bql117h74i7k','::1',1540714831,X'5F5F63695F6C6173745F726567656E65726174657C693A313534303731343833313B'),('2stp0gobe43gml06trber3etp266jn5i','::1',1540715298,X'5F5F63695F6C6173745F726567656E65726174657C693A313534303731353239383B'),('lbuh0be70nb9lctku84vtat83p5keibl','::1',1540715327,X'5F5F63695F6C6173745F726567656E65726174657C693A313534303731353239383B'),('0ul89bp500ib7of7ca75jui4gefr9e6m','::1',1540725936,X'5F5F63695F6C6173745F726567656E65726174657C693A313534303732353933363B'),('2lee2qll1budsldg8n23u3dj9dpq90po','::1',1540726443,X'5F5F63695F6C6173745F726567656E65726174657C693A313534303732363434333B'),('8l94qk9jh5cauodiqivtvpr1n1fiahbu','::1',1540727186,X'5F5F63695F6C6173745F726567656E65726174657C693A313534303732373138363B'),('00ub9dhag7np3a7m0jsp9i46dgcc01ns','::1',1540727509,X'5F5F63695F6C6173745F726567656E65726174657C693A313534303732373530393B'),('h45uroip81n639v66cmtg8cdglebk55s','::1',1540728270,X'5F5F63695F6C6173745F726567656E65726174657C693A313534303732383237303B'),('hmitq5vjkkomrorl4m9pp4e1grsger8r','::1',1540728573,X'5F5F63695F6C6173745F726567656E65726174657C693A313534303732383537333B'),('54bitt3gs4lrggvjjsb7ld8p4emmep73','::1',1540729136,X'5F5F63695F6C6173745F726567656E65726174657C693A313534303732393133363B'),('24fva48m3kf3a78luu0u1djv0od0tg3u','::1',1540729500,X'5F5F63695F6C6173745F726567656E65726174657C693A313534303732393530303B636172745F636F6E74656E74737C613A343A7B733A31303A22636172745F746F74616C223B643A313238303030303B733A31313A22746F74616C5F6974656D73223B643A31353B733A33323A223866313465343566636565613136376135613336646564643462656132353433223B613A363A7B733A323A226964223B733A313A2237223B733A333A22717479223B643A323B733A353A227072696365223B643A3132303030303B733A343A226E616D65223B733A31343A224B6579626F6172642050616B6574223B733A353A22726F776964223B733A33323A223866313465343566636565613136376135613336646564643462656132353433223B733A383A22737562746F74616C223B643A3234303030303B7D733A33323A223435633438636365326532643766626465613161666335316337633661643236223B613A363A7B733A323A226964223B733A313A2239223B733A333A22717479223B643A31333B733A353A227072696365223B643A38303030303B733A343A226E616D65223B733A363A224B656D656A61223B733A353A22726F776964223B733A33323A223435633438636365326532643766626465613161666335316337633661643236223B733A383A22737562746F74616C223B643A313034303030303B7D7D'),('l1hdfdg9qt4qh92fu99c818el9cmb6ga','::1',1540729596,X'5F5F63695F6C6173745F726567656E65726174657C693A313534303732393530303B636172745F636F6E74656E74737C613A343A7B733A31303A22636172745F746F74616C223B643A313238303030303B733A31313A22746F74616C5F6974656D73223B643A31353B733A33323A223866313465343566636565613136376135613336646564643462656132353433223B613A363A7B733A323A226964223B733A313A2237223B733A333A22717479223B643A323B733A353A227072696365223B643A3132303030303B733A343A226E616D65223B733A31343A224B6579626F6172642050616B6574223B733A353A22726F776964223B733A33323A223866313465343566636565613136376135613336646564643462656132353433223B733A383A22737562746F74616C223B643A3234303030303B7D733A33323A223435633438636365326532643766626465613161666335316337633661643236223B613A363A7B733A323A226964223B733A313A2239223B733A333A22717479223B643A31333B733A353A227072696365223B643A38303030303B733A343A226E616D65223B733A363A224B656D656A61223B733A353A22726F776964223B733A33323A223435633438636365326532643766626465613161666335316337633661643236223B733A383A22737562746F74616C223B643A313034303030303B7D7D'),('55hnsrc1ihtfesdbihhu5qg4k7m1h60r','::1',1540738416,X'5F5F63695F6C6173745F726567656E65726174657C693A313534303733383431363B636172745F636F6E74656E74737C613A333A7B733A31303A22636172745F746F74616C223B643A3132303030303B733A31313A22746F74616C5F6974656D73223B643A313B733A33323A223866313465343566636565613136376135613336646564643462656132353433223B613A363A7B733A323A226964223B733A313A2237223B733A333A22717479223B643A313B733A353A227072696365223B643A3132303030303B733A343A226E616D65223B733A31343A224B6579626F6172642050616B6574223B733A353A22726F776964223B733A33323A223866313465343566636565613136376135613336646564643462656132353433223B733A383A22737562746F74616C223B643A3132303030303B7D7D'),('mecjm64dbtmt3uomg4s0qgpb1ier5ss9','::1',1540738736,X'5F5F63695F6C6173745F726567656E65726174657C693A313534303733383733363B636172745F636F6E74656E74737C613A343A7B733A31303A22636172745F746F74616C223B643A3332303030303B733A31313A22746F74616C5F6974656D73223B643A333B733A33323A223866313465343566636565613136376135613336646564643462656132353433223B613A363A7B733A323A226964223B733A313A2237223B733A333A22717479223B643A323B733A353A227072696365223B643A3132303030303B733A343A226E616D65223B733A31343A224B6579626F6172642050616B6574223B733A353A22726F776964223B733A33323A223866313465343566636565613136376135613336646564643462656132353433223B733A383A22737562746F74616C223B643A3234303030303B7D733A33323A223435633438636365326532643766626465613161666335316337633661643236223B613A363A7B733A323A226964223B733A313A2239223B733A333A22717479223B643A313B733A353A227072696365223B643A38303030303B733A343A226E616D65223B733A363A224B656D656A61223B733A353A22726F776964223B733A33323A223435633438636365326532643766626465613161666335316337633661643236223B733A383A22737562746F74616C223B643A38303030303B7D7D'),('r1g9glfo8q8jcnmqg1bd0ct2hcevsutv','::1',1540739278,X'5F5F63695F6C6173745F726567656E65726174657C693A313534303733393237383B636172745F636F6E74656E74737C613A343A7B733A31303A22636172745F746F74616C223B643A3332303030303B733A31313A22746F74616C5F6974656D73223B643A333B733A33323A223866313465343566636565613136376135613336646564643462656132353433223B613A363A7B733A323A226964223B733A313A2237223B733A333A22717479223B643A323B733A353A227072696365223B643A3132303030303B733A343A226E616D65223B733A31343A224B6579626F6172642050616B6574223B733A353A22726F776964223B733A33323A223866313465343566636565613136376135613336646564643462656132353433223B733A383A22737562746F74616C223B643A3234303030303B7D733A33323A223435633438636365326532643766626465613161666335316337633661643236223B613A363A7B733A323A226964223B733A313A2239223B733A333A22717479223B643A313B733A353A227072696365223B643A38303030303B733A343A226E616D65223B733A363A224B656D656A61223B733A353A22726F776964223B733A33323A223435633438636365326532643766626465613161666335316337633661643236223B733A383A22737562746F74616C223B643A38303030303B7D7D'),('6lvoalg02bb3cng6v85co85t22bj5ao9','::1',1540740050,X'5F5F63695F6C6173745F726567656E65726174657C693A313534303734303035303B636172745F636F6E74656E74737C613A343A7B733A31303A22636172745F746F74616C223B643A3332303030303B733A31313A22746F74616C5F6974656D73223B643A333B733A33323A223866313465343566636565613136376135613336646564643462656132353433223B613A363A7B733A323A226964223B733A313A2237223B733A333A22717479223B643A323B733A353A227072696365223B643A3132303030303B733A343A226E616D65223B733A31343A224B6579626F6172642050616B6574223B733A353A22726F776964223B733A33323A223866313465343566636565613136376135613336646564643462656132353433223B733A383A22737562746F74616C223B643A3234303030303B7D733A33323A223435633438636365326532643766626465613161666335316337633661643236223B613A363A7B733A323A226964223B733A313A2239223B733A333A22717479223B643A313B733A353A227072696365223B643A38303030303B733A343A226E616D65223B733A363A224B656D656A61223B733A353A22726F776964223B733A33323A223435633438636365326532643766626465613161666335316337633661643236223B733A383A22737562746F74616C223B643A38303030303B7D7D'),('a9q8l86gp81elv09ut0spng4unnv0jqg','::1',1540740489,X'5F5F63695F6C6173745F726567656E65726174657C693A313534303734303438393B636172745F636F6E74656E74737C613A343A7B733A31303A22636172745F746F74616C223B643A3332303030303B733A31313A22746F74616C5F6974656D73223B643A333B733A33323A223866313465343566636565613136376135613336646564643462656132353433223B613A363A7B733A323A226964223B733A313A2237223B733A333A22717479223B643A323B733A353A227072696365223B643A3132303030303B733A343A226E616D65223B733A31343A224B6579626F6172642050616B6574223B733A353A22726F776964223B733A33323A223866313465343566636565613136376135613336646564643462656132353433223B733A383A22737562746F74616C223B643A3234303030303B7D733A33323A223435633438636365326532643766626465613161666335316337633661643236223B613A363A7B733A323A226964223B733A313A2239223B733A333A22717479223B643A313B733A353A227072696365223B643A38303030303B733A343A226E616D65223B733A363A224B656D656A61223B733A353A22726F776964223B733A33323A223435633438636365326532643766626465613161666335316337633661643236223B733A383A22737562746F74616C223B643A38303030303B7D7D'),('d3qmndb7facfp7ob7qo8460v1i4st2l0','::1',1540740855,X'5F5F63695F6C6173745F726567656E65726174657C693A313534303734303835353B636172745F636F6E74656E74737C613A343A7B733A31303A22636172745F746F74616C223B643A3332303030303B733A31313A22746F74616C5F6974656D73223B643A333B733A33323A223866313465343566636565613136376135613336646564643462656132353433223B613A363A7B733A323A226964223B733A313A2237223B733A333A22717479223B643A323B733A353A227072696365223B643A3132303030303B733A343A226E616D65223B733A31343A224B6579626F6172642050616B6574223B733A353A22726F776964223B733A33323A223866313465343566636565613136376135613336646564643462656132353433223B733A383A22737562746F74616C223B643A3234303030303B7D733A33323A223435633438636365326532643766626465613161666335316337633661643236223B613A363A7B733A323A226964223B733A313A2239223B733A333A22717479223B643A313B733A353A227072696365223B643A38303030303B733A343A226E616D65223B733A363A224B656D656A61223B733A353A22726F776964223B733A33323A223435633438636365326532643766626465613161666335316337633661643236223B733A383A22737562746F74616C223B643A38303030303B7D7D'),('5vif38r9cbum31vd62bjteq3i1ufm9j5','::1',1540741324,X'5F5F63695F6C6173745F726567656E65726174657C693A313534303734313332343B636172745F636F6E74656E74737C613A343A7B733A31303A22636172745F746F74616C223B643A3332303030303B733A31313A22746F74616C5F6974656D73223B643A333B733A33323A223866313465343566636565613136376135613336646564643462656132353433223B613A363A7B733A323A226964223B733A313A2237223B733A333A22717479223B643A323B733A353A227072696365223B643A3132303030303B733A343A226E616D65223B733A31343A224B6579626F6172642050616B6574223B733A353A22726F776964223B733A33323A223866313465343566636565613136376135613336646564643462656132353433223B733A383A22737562746F74616C223B643A3234303030303B7D733A33323A223435633438636365326532643766626465613161666335316337633661643236223B613A363A7B733A323A226964223B733A313A2239223B733A333A22717479223B643A313B733A353A227072696365223B643A38303030303B733A343A226E616D65223B733A363A224B656D656A61223B733A353A22726F776964223B733A33323A223435633438636365326532643766626465613161666335316337633661643236223B733A383A22737562746F74616C223B643A38303030303B7D7D'),('054cdfjldl51l575q2ibh9mvete9gt53','::1',1540744060,X'5F5F63695F6C6173745F726567656E65726174657C693A313534303734343036303B636172745F636F6E74656E74737C613A343A7B733A31303A22636172745F746F74616C223B643A3230303030303B733A31313A22746F74616C5F6974656D73223B643A323B733A33323A223866313465343566636565613136376135613336646564643462656132353433223B613A363A7B733A323A226964223B733A313A2237223B733A333A22717479223B643A313B733A353A227072696365223B643A3132303030303B733A343A226E616D65223B733A31343A224B6579626F6172642050616B6574223B733A353A22726F776964223B733A33323A223866313465343566636565613136376135613336646564643462656132353433223B733A383A22737562746F74616C223B643A3132303030303B7D733A33323A223435633438636365326532643766626465613161666335316337633661643236223B613A363A7B733A323A226964223B733A313A2239223B733A333A22717479223B643A313B733A353A227072696365223B643A38303030303B733A343A226E616D65223B733A363A224B656D656A61223B733A353A22726F776964223B733A33323A223435633438636365326532643766626465613161666335316337633661643236223B733A383A22737562746F74616C223B643A38303030303B7D7D'),('ucr7ea1kes6roacnst75u1ebcp786ead','::1',1540744419,X'5F5F63695F6C6173745F726567656E65726174657C693A313534303734343431393B636172745F636F6E74656E74737C613A343A7B733A31303A22636172745F746F74616C223B643A3230303030303B733A31313A22746F74616C5F6974656D73223B643A323B733A33323A223866313465343566636565613136376135613336646564643462656132353433223B613A363A7B733A323A226964223B733A313A2237223B733A333A22717479223B643A313B733A353A227072696365223B643A3132303030303B733A343A226E616D65223B733A31343A224B6579626F6172642050616B6574223B733A353A22726F776964223B733A33323A223866313465343566636565613136376135613336646564643462656132353433223B733A383A22737562746F74616C223B643A3132303030303B7D733A33323A223435633438636365326532643766626465613161666335316337633661643236223B613A363A7B733A323A226964223B733A313A2239223B733A333A22717479223B643A313B733A353A227072696365223B643A38303030303B733A343A226E616D65223B733A363A224B656D656A61223B733A353A22726F776964223B733A33323A223435633438636365326532643766626465613161666335316337633661643236223B733A383A22737562746F74616C223B643A38303030303B7D7D'),('rh0gcnj8poclia1n2uf4cfg449ed9vjj','::1',1540744852,X'5F5F63695F6C6173745F726567656E65726174657C693A313534303734343835323B636172745F636F6E74656E74737C613A343A7B733A31303A22636172745F746F74616C223B643A3230303030303B733A31313A22746F74616C5F6974656D73223B643A323B733A33323A223866313465343566636565613136376135613336646564643462656132353433223B613A363A7B733A323A226964223B733A313A2237223B733A333A22717479223B643A313B733A353A227072696365223B643A3132303030303B733A343A226E616D65223B733A31343A224B6579626F6172642050616B6574223B733A353A22726F776964223B733A33323A223866313465343566636565613136376135613336646564643462656132353433223B733A383A22737562746F74616C223B643A3132303030303B7D733A33323A223435633438636365326532643766626465613161666335316337633661643236223B613A363A7B733A323A226964223B733A313A2239223B733A333A22717479223B643A313B733A353A227072696365223B643A38303030303B733A343A226E616D65223B733A363A224B656D656A61223B733A353A22726F776964223B733A33323A223435633438636365326532643766626465613161666335316337633661643236223B733A383A22737562746F74616C223B643A38303030303B7D7D757365726E616D657C733A353A227761687975223B67726F7570737C733A313A2231223B'),('hf4hkkfrjou6v870i4b62i5aqg2e9o98','::1',1540745167,X'5F5F63695F6C6173745F726567656E65726174657C693A313534303734353136373B636172745F636F6E74656E74737C613A343A7B733A31303A22636172745F746F74616C223B643A3230303030303B733A31313A22746F74616C5F6974656D73223B643A323B733A33323A223866313465343566636565613136376135613336646564643462656132353433223B613A363A7B733A323A226964223B733A313A2237223B733A333A22717479223B643A313B733A353A227072696365223B643A3132303030303B733A343A226E616D65223B733A31343A224B6579626F6172642050616B6574223B733A353A22726F776964223B733A33323A223866313465343566636565613136376135613336646564643462656132353433223B733A383A22737562746F74616C223B643A3132303030303B7D733A33323A223435633438636365326532643766626465613161666335316337633661643236223B613A363A7B733A323A226964223B733A313A2239223B733A333A22717479223B643A313B733A353A227072696365223B643A38303030303B733A343A226E616D65223B733A363A224B656D656A61223B733A353A22726F776964223B733A33323A223435633438636365326532643766626465613161666335316337633661643236223B733A383A22737562746F74616C223B643A38303030303B7D7D757365726E616D657C733A353A227761687975223B67726F7570737C733A313A2231223B'),('h5j9ss3ejb6j33jgpo7la2blr4r9n8rq','::1',1540745586,X'5F5F63695F6C6173745F726567656E65726174657C693A313534303734353538363B636172745F636F6E74656E74737C613A343A7B733A31303A22636172745F746F74616C223B643A3230303030303B733A31313A22746F74616C5F6974656D73223B643A323B733A33323A223866313465343566636565613136376135613336646564643462656132353433223B613A363A7B733A323A226964223B733A313A2237223B733A333A22717479223B643A313B733A353A227072696365223B643A3132303030303B733A343A226E616D65223B733A31343A224B6579626F6172642050616B6574223B733A353A22726F776964223B733A33323A223866313465343566636565613136376135613336646564643462656132353433223B733A383A22737562746F74616C223B643A3132303030303B7D733A33323A223435633438636365326532643766626465613161666335316337633661643236223B613A363A7B733A323A226964223B733A313A2239223B733A333A22717479223B643A313B733A353A227072696365223B643A38303030303B733A343A226E616D65223B733A363A224B656D656A61223B733A353A22726F776964223B733A33323A223435633438636365326532643766626465613161666335316337633661643236223B733A383A22737562746F74616C223B643A38303030303B7D7D757365726E616D657C733A353A227761687975223B67726F7570737C733A313A2231223B'),('6dpf1qe9hodkfdnj6b8q33t2a9udc5tn','::1',1540746204,X'5F5F63695F6C6173745F726567656E65726174657C693A313534303734363230343B757365726E616D657C733A353A227761687975223B67726F7570737C733A313A2232223B'),('ocerslpai9bkqbrhgi19lvftefr7797c','::1',1540748477,X'5F5F63695F6C6173745F726567656E65726174657C693A313534303734383437373B'),('v2qs6o9m9f04t4klclrduclnkcuepo7r','::1',1540748942,X'5F5F63695F6C6173745F726567656E65726174657C693A313534303734383934323B757365726E616D657C733A353A227761687975223B67726F7570737C733A313A2232223B636172745F636F6E74656E74737C613A333A7B733A31303A22636172745F746F74616C223B643A3732303030303B733A31313A22746F74616C5F6974656D73223B643A363B733A33323A223866313465343566636565613136376135613336646564643462656132353433223B613A363A7B733A323A226964223B733A313A2237223B733A333A22717479223B643A363B733A353A227072696365223B643A3132303030303B733A343A226E616D65223B733A31343A224B6579626F6172642050616B6574223B733A353A22726F776964223B733A33323A223866313465343566636565613136376135613336646564643462656132353433223B733A383A22737562746F74616C223B643A3732303030303B7D7D'),('kh9m0u3tgh2sf2bnues886ia4bln7972','::1',1540749468,X'5F5F63695F6C6173745F726567656E65726174657C693A313534303734393436383B757365726E616D657C733A353A227761687975223B67726F7570737C733A313A2232223B636172745F636F6E74656E74737C613A343A7B733A31303A22636172745F746F74616C223B643A3230303030303B733A31313A22746F74616C5F6974656D73223B643A323B733A33323A223435633438636365326532643766626465613161666335316337633661643236223B613A363A7B733A323A226964223B733A313A2239223B733A333A22717479223B643A313B733A353A227072696365223B643A38303030303B733A343A226E616D65223B733A363A224B656D656A61223B733A353A22726F776964223B733A33323A223435633438636365326532643766626465613161666335316337633661643236223B733A383A22737562746F74616C223B643A38303030303B7D733A33323A223866313465343566636565613136376135613336646564643462656132353433223B613A363A7B733A323A226964223B733A313A2237223B733A333A22717479223B643A313B733A353A227072696365223B643A3132303030303B733A343A226E616D65223B733A31343A224B6579626F6172642050616B6574223B733A353A22726F776964223B733A33323A223866313465343566636565613136376135613336646564643462656132353433223B733A383A22737562746F74616C223B643A3132303030303B7D7D'),('t2d26kdbqh13fu2d0l77fv6vi1nt2soe','::1',1540750111,X'5F5F63695F6C6173745F726567656E65726174657C693A313534303735303131313B636172745F636F6E74656E74737C613A333A7B733A31303A22636172745F746F74616C223B643A313132303030303B733A31313A22746F74616C5F6974656D73223B643A31343B733A33323A223435633438636365326532643766626465613161666335316337633661643236223B613A363A7B733A323A226964223B733A313A2239223B733A333A22717479223B643A31343B733A353A227072696365223B643A38303030303B733A343A226E616D65223B733A363A224B656D656A61223B733A353A22726F776964223B733A33323A223435633438636365326532643766626465613161666335316337633661643236223B733A383A22737562746F74616C223B643A313132303030303B7D7D'),('83ga49qjf1cefikftt1cj6kcebqqvk27','::1',1540750441,X'5F5F63695F6C6173745F726567656E65726174657C693A313534303735303434313B636172745F636F6E74656E74737C613A343A7B733A31303A22636172745F746F74616C223B643A323332303030303B733A31313A22746F74616C5F6974656D73223B643A32363B733A33323A223435633438636365326532643766626465613161666335316337633661643236223B613A363A7B733A323A226964223B733A313A2239223B733A333A22717479223B643A32303B733A353A227072696365223B643A38303030303B733A343A226E616D65223B733A363A224B656D656A61223B733A353A22726F776964223B733A33323A223435633438636365326532643766626465613161666335316337633661643236223B733A383A22737562746F74616C223B643A313630303030303B7D733A33323A223866313465343566636565613136376135613336646564643462656132353433223B613A363A7B733A323A226964223B733A313A2237223B733A333A22717479223B643A363B733A353A227072696365223B643A3132303030303B733A343A226E616D65223B733A31343A224B6579626F6172642050616B6574223B733A353A22726F776964223B733A33323A223866313465343566636565613136376135613336646564643462656132353433223B733A383A22737562746F74616C223B643A3732303030303B7D7D757365726E616D657C733A353A227761687975223B67726F7570737C733A313A2232223B'),('fps4mmqdht741i3v14f158023gtltr7a','::1',1540750638,X'5F5F63695F6C6173745F726567656E65726174657C693A313534303735303434313B636172745F636F6E74656E74737C613A343A7B733A31303A22636172745F746F74616C223B643A323332303030303B733A31313A22746F74616C5F6974656D73223B643A32363B733A33323A223435633438636365326532643766626465613161666335316337633661643236223B613A363A7B733A323A226964223B733A313A2239223B733A333A22717479223B643A32303B733A353A227072696365223B643A38303030303B733A343A226E616D65223B733A363A224B656D656A61223B733A353A22726F776964223B733A33323A223435633438636365326532643766626465613161666335316337633661643236223B733A383A22737562746F74616C223B643A313630303030303B7D733A33323A223866313465343566636565613136376135613336646564643462656132353433223B613A363A7B733A323A226964223B733A313A2237223B733A333A22717479223B643A363B733A353A227072696365223B643A3132303030303B733A343A226E616D65223B733A31343A224B6579626F6172642050616B6574223B733A353A22726F776964223B733A33323A223866313465343566636565613136376135613336646564643462656132353433223B733A383A22737562746F74616C223B643A3732303030303B7D7D757365726E616D657C733A353A227761687975223B67726F7570737C733A313A2232223B'),('j3ibdjuk3sr98h4hls45ejjgidcsf6em','::1',1540779927,X'5F5F63695F6C6173745F726567656E65726174657C693A313534303737393736303B757365726E616D657C733A353A227761687975223B67726F7570737C733A313A2232223B636172745F636F6E74656E74737C613A333A7B733A31303A22636172745F746F74616C223B643A3136303030303B733A31313A22746F74616C5F6974656D73223B643A323B733A33323A223435633438636365326532643766626465613161666335316337633661643236223B613A363A7B733A323A226964223B733A313A2239223B733A333A22717479223B643A323B733A353A227072696365223B643A38303030303B733A343A226E616D65223B733A363A224B656D656A61223B733A353A22726F776964223B733A33323A223435633438636365326532643766626465613161666335316337633661643236223B733A383A22737562746F74616C223B643A3136303030303B7D7D'),('q9vbmve7ddankj9uukp52lnvn7qbcrbt','::1',1540815484,X'5F5F63695F6C6173745F726567656E65726174657C693A313534303831353331383B636172745F636F6E74656E74737C613A343A7B733A31303A22636172745F746F74616C223B643A3332303030303B733A31313A22746F74616C5F6974656D73223B643A333B733A33323A223435633438636365326532643766626465613161666335316337633661643236223B613A363A7B733A323A226964223B733A313A2239223B733A333A22717479223B643A313B733A353A227072696365223B643A38303030303B733A343A226E616D65223B733A363A224B656D656A61223B733A353A22726F776964223B733A33323A223435633438636365326532643766626465613161666335316337633661643236223B733A383A22737562746F74616C223B643A38303030303B7D733A33323A223866313465343566636565613136376135613336646564643462656132353433223B613A363A7B733A323A226964223B733A313A2237223B733A333A22717479223B643A323B733A353A227072696365223B643A3132303030303B733A343A226E616D65223B733A31343A224B6579626F6172642050616B6574223B733A353A22726F776964223B733A33323A223866313465343566636565613136376135613336646564643462656132353433223B733A383A22737562746F74616C223B643A3234303030303B7D7D'),('bu7ivnaqneov25jjr44bhls93nj0gogl','::1',1540825947,X'5F5F63695F6C6173745F726567656E65726174657C693A313534303832353934373B'),('m48cela9hmbbnhbfvsetqtb7iab2386b','::1',1540827657,X'5F5F63695F6C6173745F726567656E65726174657C693A313534303832373635373B757365726E616D657C733A353A227761687975223B67726F7570737C733A313A2232223B'),('f7pdt6hd9qibrvht3jhc76555fh946nn','::1',1540828190,X'5F5F63695F6C6173745F726567656E65726174657C693A313534303832383139303B636172745F636F6E74656E74737C613A333A7B733A31303A22636172745F746F74616C223B643A3234303030303B733A31313A22746F74616C5F6974656D73223B643A333B733A33323A223435633438636365326532643766626465613161666335316337633661643236223B613A363A7B733A323A226964223B733A313A2239223B733A333A22717479223B643A333B733A353A227072696365223B643A38303030303B733A343A226E616D65223B733A363A224B656D656A61223B733A353A22726F776964223B733A33323A223435633438636365326532643766626465613161666335316337633661643236223B733A383A22737562746F74616C223B643A3234303030303B7D7D'),('m7qlqd7f7b6ssk5l30a39fccv2i9ags5','::1',1540828498,X'5F5F63695F6C6173745F726567656E65726174657C693A313534303832383439383B636172745F636F6E74656E74737C613A333A7B733A31303A22636172745F746F74616C223B643A3234303030303B733A31313A22746F74616C5F6974656D73223B643A333B733A33323A223435633438636365326532643766626465613161666335316337633661643236223B613A363A7B733A323A226964223B733A313A2239223B733A333A22717479223B643A333B733A353A227072696365223B643A38303030303B733A343A226E616D65223B733A363A224B656D656A61223B733A353A22726F776964223B733A33323A223435633438636365326532643766626465613161666335316337633661643236223B733A383A22737562746F74616C223B643A3234303030303B7D7D'),('44aacr7bjjna33jikpg3bg878uua69a1','::1',1540828981,X'5F5F63695F6C6173745F726567656E65726174657C693A313534303832383938313B636172745F636F6E74656E74737C613A333A7B733A31303A22636172745F746F74616C223B643A3234303030303B733A31313A22746F74616C5F6974656D73223B643A333B733A33323A223435633438636365326532643766626465613161666335316337633661643236223B613A363A7B733A323A226964223B733A313A2239223B733A333A22717479223B643A333B733A353A227072696365223B643A38303030303B733A343A226E616D65223B733A363A224B656D656A61223B733A353A22726F776964223B733A33323A223435633438636365326532643766626465613161666335316337633661643236223B733A383A22737562746F74616C223B643A3234303030303B7D7D'),('duuhe21kl5qcbjhkljlsiaj2ghht7lpk','::1',1540829877,X'5F5F63695F6C6173745F726567656E65726174657C693A313534303832393837373B636172745F636F6E74656E74737C613A333A7B733A31303A22636172745F746F74616C223B643A3234303030303B733A31313A22746F74616C5F6974656D73223B643A333B733A33323A223435633438636365326532643766626465613161666335316337633661643236223B613A363A7B733A323A226964223B733A313A2239223B733A333A22717479223B643A333B733A353A227072696365223B643A38303030303B733A343A226E616D65223B733A363A224B656D656A61223B733A353A22726F776964223B733A33323A223435633438636365326532643766626465613161666335316337633661643236223B733A383A22737562746F74616C223B643A3234303030303B7D7D'),('37bic8nmi29vof9935jojv5vvrlov0th','::1',1540830544,X'5F5F63695F6C6173745F726567656E65726174657C693A313534303833303534343B'),('tivgcjiotg80gnv6lrf0rq05v6jqaqj1','::1',1540830996,X'5F5F63695F6C6173745F726567656E65726174657C693A313534303833303939363B'),('aosv22eak0ml773haf9tpmobhht7dk1a','::1',1540831297,X'5F5F63695F6C6173745F726567656E65726174657C693A313534303833313239373B'),('o6i91t9cec3fibuinthl9te0asla2rnk','::1',1540831297,X'5F5F63695F6C6173745F726567656E65726174657C693A313534303833313239373B'),('p0l89l6lom94dmnrp9a1m69bq4sl2nfj','::1',1540901660,X'5F5F63695F6C6173745F726567656E65726174657C693A313534303930313636303B'),('3dj9bjvd43sip6o1vavs2o24327nflbf','::1',1540902925,X'5F5F63695F6C6173745F726567656E65726174657C693A313534303930323932353B757365726E616D657C733A353A2261646D696E223B67726F7570737C733A313A2231223B'),('qh1n6trjllmdldb5oq1he13mrr8ma5cn','::1',1540903232,X'5F5F63695F6C6173745F726567656E65726174657C693A313534303930333233323B757365726E616D657C733A353A2261646D696E223B67726F7570737C733A313A2231223B'),('hprfja451cv66tuub1k1qkgsgl68eopi','::1',1540904433,X'5F5F63695F6C6173745F726567656E65726174657C693A313534303930343433333B757365726E616D657C733A353A2261646D696E223B67726F7570737C733A313A2231223B'),('licc6la4h7dn469j2m4g5t9jqlsr0pmp','::1',1540904905,X'5F5F63695F6C6173745F726567656E65726174657C693A313534303930343930353B757365726E616D657C733A353A2261646D696E223B67726F7570737C733A313A2231223B'),('0p31cs2fdl62h4jqg4lk3uuj6j7hqut0','::1',1540905244,X'5F5F63695F6C6173745F726567656E65726174657C693A313534303930353234343B757365726E616D657C733A353A2261646D696E223B67726F7570737C733A313A2231223B'),('08gvja1gtk7s3tg8p2toppj2tv5v22iq','::1',1540905564,X'5F5F63695F6C6173745F726567656E65726174657C693A313534303930353536343B757365726E616D657C733A353A2261646D696E223B67726F7570737C733A313A2231223B'),('fjgtcahch11i815mg2n5i2iofui62ffj','::1',1540906577,X'5F5F63695F6C6173745F726567656E65726174657C693A313534303930363537373B757365726E616D657C733A353A2261646D696E223B67726F7570737C733A313A2231223B'),('p43t4me9se8strdgtmq45qkojphgue8c','::1',1540907210,X'5F5F63695F6C6173745F726567656E65726174657C693A313534303930373231303B757365726E616D657C733A353A2261646D696E223B67726F7570737C733A313A2231223B'),('jd0fn7ih8rgh5n10pc3jv1ncnm6oq8tg','::1',1540907528,X'5F5F63695F6C6173745F726567656E65726174657C693A313534303930373532383B757365726E616D657C733A353A2261646D696E223B67726F7570737C733A313A2231223B'),('57if4ht1m62j4rf6v7fi2ag4rt5bgjfn','::1',1540907842,X'5F5F63695F6C6173745F726567656E65726174657C693A313534303930373834323B757365726E616D657C733A353A2261646D696E223B67726F7570737C733A313A2231223B'),('g59nikqa0u4oc2mn71rkjjejr32g1gs5','::1',1540908168,X'5F5F63695F6C6173745F726567656E65726174657C693A313534303930383136383B757365726E616D657C733A353A2261646D696E223B67726F7570737C733A313A2231223B'),('du3eqbscva83dc716h786hdtntp95tui','::1',1540909059,X'5F5F63695F6C6173745F726567656E65726174657C693A313534303930393035393B757365726E616D657C733A353A2261646D696E223B67726F7570737C733A313A2231223B'),('dg3i5klkeog7tenp8b778vbtiq6k4nmi','::1',1540909513,X'5F5F63695F6C6173745F726567656E65726174657C693A313534303930393531333B757365726E616D657C733A353A2261646D696E223B67726F7570737C733A313A2231223B'),('h5sdprl1u66unj4q1c7pn86r9dn2tdbv','::1',1540909615,X'5F5F63695F6C6173745F726567656E65726174657C693A313534303930393531333B757365726E616D657C733A353A2261646D696E223B67726F7570737C733A313A2231223B'),('uub3dvihrqq40ab70115h2ih6e8p421e','::1',1541077737,X'5F5F63695F6C6173745F726567656E65726174657C693A313534313037373733373B757365726E616D657C733A353A2261646D696E223B67726F7570737C733A313A2231223B'),('avbckbjn6rarm9h87noa0k67al474bvh','::1',1541076219,X'5F5F63695F6C6173745F726567656E65726174657C693A313534313037363231393B'),('02qdfs73q09dkc8ptf7paev2fvga0q4i','::1',1541077778,X'5F5F63695F6C6173745F726567656E65726174657C693A313534313037373737333B'),('qgss0oi29amar4mpb79iuia4fm32jdfv','::1',1541229887,X'5F5F63695F6C6173745F726567656E65726174657C693A313534313232393838373B757365726E616D657C733A353A227761687975223B67726F7570737C733A313A2232223B636172745F636F6E74656E74737C613A333A7B733A31303A22636172745F746F74616C223B643A3430303030303B733A31313A22746F74616C5F6974656D73223B643A353B733A33323A223435633438636365326532643766626465613161666335316337633661643236223B613A363A7B733A323A226964223B733A313A2239223B733A333A22717479223B643A353B733A353A227072696365223B643A38303030303B733A343A226E616D65223B733A363A224B656D656A61223B733A353A22726F776964223B733A33323A223435633438636365326532643766626465613161666335316337633661643236223B733A383A22737562746F74616C223B643A3430303030303B7D7D'),('eol65hoca8t562oaq6pd41k0rstt5hji','::1',1541230862,X'5F5F63695F6C6173745F726567656E65726174657C693A313534313233303836323B757365726E616D657C733A353A2261646D696E223B67726F7570737C733A313A2231223B'),('0cs705i47f20eomro5fjjtsccv6n5lhf','::1',1541231153,X'5F5F63695F6C6173745F726567656E65726174657C693A313534313233303836323B757365726E616D657C733A353A2261646D696E223B67726F7570737C733A313A2231223B'),('53ibqdu5siat8igq12h84a092o5gkseb','::1',1541423419,X'5F5F63695F6C6173745F726567656E65726174657C693A313534313432333431383B'),('kc510saj6eiqafff7slppce666ffttue','::1',1541423872,X'5F5F63695F6C6173745F726567656E65726174657C693A313534313432333837323B757365726E616D657C733A353A227761687975223B67726F7570737C733A313A2232223B636172745F636F6E74656E74737C613A333A7B733A31303A22636172745F746F74616C223B643A3332303030303B733A31313A22746F74616C5F6974656D73223B643A343B733A33323A223435633438636365326532643766626465613161666335316337633661643236223B613A363A7B733A323A226964223B733A313A2239223B733A333A22717479223B643A343B733A353A227072696365223B643A38303030303B733A343A226E616D65223B733A363A224B656D656A61223B733A353A22726F776964223B733A33323A223435633438636365326532643766626465613161666335316337633661643236223B733A383A22737562746F74616C223B643A3332303030303B7D7D'),('c66gpr2n4fa400926uqg56t2ihplmv24','::1',1541424305,X'5F5F63695F6C6173745F726567656E65726174657C693A313534313432343330353B757365726E616D657C733A353A2261646D696E223B67726F7570737C733A313A2231223B'),('hcd0t90slc8beeu50nk677fc1h5ts2g9','::1',1541424845,X'5F5F63695F6C6173745F726567656E65726174657C693A313534313432343834353B757365726E616D657C733A353A2261646D696E223B67726F7570737C733A313A2231223B'),('586fks0udg1t4gssqtf0ahbiqsimaa8n','::1',1541425913,X'5F5F63695F6C6173745F726567656E65726174657C693A313534313432353931333B757365726E616D657C733A353A2261646D696E223B67726F7570737C733A313A2231223B'),('ca3gef7ch9nt5s55rvnb94ujbfk06l5t','::1',1541426410,X'5F5F63695F6C6173745F726567656E65726174657C693A313534313432363431303B757365726E616D657C733A353A2261646D696E223B67726F7570737C733A313A2231223B'),('drrf1nuj205r418qoidbksatc1db3fps','::1',1541427058,X'5F5F63695F6C6173745F726567656E65726174657C693A313534313432373035383B757365726E616D657C733A353A2261646D696E223B67726F7570737C733A313A2231223B'),('nsim1skdakefotojbhtf6igs5b3e0b0b','::1',1541427494,X'5F5F63695F6C6173745F726567656E65726174657C693A313534313432373439343B757365726E616D657C733A353A2261646D696E223B67726F7570737C733A313A2231223B'),('u5tk1phhtukaaufbplgu48o1tbc20jto','::1',1541428580,X'5F5F63695F6C6173745F726567656E65726174657C693A313534313432383538303B757365726E616D657C733A353A2261646D696E223B67726F7570737C733A313A2231223B'),('3oogo90gnd88srsvr1hfs3t69e5kiu2e','::1',1541427850,X'5F5F63695F6C6173745F726567656E65726174657C693A313534313432373835303B757365726E616D657C733A353A2261646D696E223B67726F7570737C733A313A2231223B'),('30durhrlbf7n222siotsslt9jq5vq2ss','::1',1541429144,X'5F5F63695F6C6173745F726567656E65726174657C693A313534313432393134343B757365726E616D657C733A353A2261646D696E223B67726F7570737C733A313A2231223B'),('hnmepl01l1vg5pp2pund48rg79d61no7','::1',1541429571,X'5F5F63695F6C6173745F726567656E65726174657C693A313534313432393537313B'),('ect9c0o9ahm1aobidon2c312qstfd8gd','::1',1541429970,X'5F5F63695F6C6173745F726567656E65726174657C693A313534313432393937303B'),('pd1cmr88os2o9dm6dl3duivgonh9uos8','::1',1541430315,X'5F5F63695F6C6173745F726567656E65726174657C693A313534313433303331353B757365726E616D657C733A353A227761687975223B67726F7570737C733A313A2232223B'),('8i48i63vig5uubbfpoo7hh2v4l6u8gb7','::1',1541431206,X'5F5F63695F6C6173745F726567656E65726174657C693A313534313433313230363B757365726E616D657C733A353A2261646D696E223B67726F7570737C733A313A2231223B'),('t5tcct0fi8fp1uaao0ti77dpk71u5vib','::1',1541431538,X'5F5F63695F6C6173745F726567656E65726174657C693A313534313433313533383B757365726E616D657C733A353A2261646D696E223B67726F7570737C733A313A2231223B'),('anqv2167adgtv01gat6pc57lknit6hnj','::1',1541432024,X'5F5F63695F6C6173745F726567656E65726174657C693A313534313433323032343B757365726E616D657C733A353A2261646D696E223B67726F7570737C733A313A2231223B'),('hgem3nngtob56d3bm55aag8v0km5qpt5','::1',1541432477,X'5F5F63695F6C6173745F726567656E65726174657C693A313534313433323437373B'),('ea0v5bq38gout5i0sqga859lahnjcgvn','::1',1541432818,X'5F5F63695F6C6173745F726567656E65726174657C693A313534313433323831383B'),('iloj70lvlpl7fsf3nf9ktkmpabd5q6kc','::1',1541433131,X'5F5F63695F6C6173745F726567656E65726174657C693A313534313433333133313B'),('7lkr0lbitvcsbl7t61dvs46l6koe976h','::1',1541433456,X'5F5F63695F6C6173745F726567656E65726174657C693A313534313433333435363B757365726E616D657C733A353A2261646D696E223B67726F7570737C733A313A2231223B'),('64k3dr8norgln9otombtc5jujan4vot2','::1',1541433569,X'5F5F63695F6C6173745F726567656E65726174657C693A313534313433333536393B'),('41ni3ui5lgrqo5btljfj4ac4qinbfj4s','::1',1541495963,X'5F5F63695F6C6173745F726567656E65726174657C693A313534313439353936333B636172745F636F6E74656E74737C613A343A7B733A31303A22636172745F746F74616C223B643A3238303030303B733A31313A22746F74616C5F6974656D73223B643A333B733A33323A223435633438636365326532643766626465613161666335316337633661643236223B613A363A7B733A323A226964223B733A313A2239223B733A333A22717479223B643A323B733A353A227072696365223B643A38303030303B733A343A226E616D65223B733A363A224B656D656A61223B733A353A22726F776964223B733A33323A223435633438636365326532643766626465613161666335316337633661643236223B733A383A22737562746F74616C223B643A3136303030303B7D733A33323A223866313465343566636565613136376135613336646564643462656132353433223B613A363A7B733A323A226964223B733A313A2237223B733A333A22717479223B643A313B733A353A227072696365223B643A3132303030303B733A343A226E616D65223B733A31343A224B6579626F6172642050616B6574223B733A353A22726F776964223B733A33323A223866313465343566636565613136376135613336646564643462656132353433223B733A383A22737562746F74616C223B643A3132303030303B7D7D757365726E616D657C733A353A227761687975223B67726F7570737C733A313A2232223B'),('qgdggoopdk2du70gh59uahhqa7uv0a55','::1',1541496506,X'5F5F63695F6C6173745F726567656E65726174657C693A313534313439363530363B757365726E616D657C733A353A227761687975223B67726F7570737C733A313A2232223B636172745F636F6E74656E74737C613A333A7B733A31303A22636172745F746F74616C223B643A3234303030303B733A31313A22746F74616C5F6974656D73223B643A333B733A33323A223435633438636365326532643766626465613161666335316337633661643236223B613A363A7B733A323A226964223B733A313A2239223B733A333A22717479223B643A333B733A353A227072696365223B643A38303030303B733A343A226E616D65223B733A363A224B656D656A61223B733A353A22726F776964223B733A33323A223435633438636365326532643766626465613161666335316337633661643236223B733A383A22737562746F74616C223B643A3234303030303B7D7D'),('iql463i41uatrcintmk2ln8hcfkplbtr','::1',1541497091,X'5F5F63695F6C6173745F726567656E65726174657C693A313534313439373039313B757365726E616D657C733A353A227761687975223B67726F7570737C733A313A2232223B'),('ck4qkck74rdvfmcnu98k4a1d2kalr2dp','::1',1541497589,X'5F5F63695F6C6173745F726567656E65726174657C693A313534313439373538393B757365726E616D657C733A353A227761687975223B67726F7570737C733A313A2232223B'),('9ec7og0qk32astt65gro1ttsejm41lv4','::1',1541498075,X'5F5F63695F6C6173745F726567656E65726174657C693A313534313439383037353B757365726E616D657C733A353A227761687975223B67726F7570737C733A313A2232223B'),('p70eq3q5du6f369bn5nokauadg8ne2hn','::1',1541498464,X'5F5F63695F6C6173745F726567656E65726174657C693A313534313439383436343B757365726E616D657C733A353A227761687975223B67726F7570737C733A313A2232223B'),('ml02porifhb4o7tctnhq29vuobjmovr5','::1',1541499072,X'5F5F63695F6C6173745F726567656E65726174657C693A313534313439393037323B757365726E616D657C733A353A227761687975223B67726F7570737C733A313A2232223B'),('qmvpt2fjbntlr3vak8derflre7m3bm67','::1',1541499978,X'5F5F63695F6C6173745F726567656E65726174657C693A313534313439393937383B757365726E616D657C733A353A227761687975223B67726F7570737C733A313A2232223B'),('37s11kbff2s08g8b3q0pi3d3mvlltam3','::1',1541500456,X'5F5F63695F6C6173745F726567656E65726174657C693A313534313530303435363B757365726E616D657C733A353A227761687975223B67726F7570737C733A313A2232223B'),('f5d8q579ot7ntg12vcsvimeqt365up29','::1',1541501943,X'5F5F63695F6C6173745F726567656E65726174657C693A313534313530313934333B757365726E616D657C733A353A227761687975223B67726F7570737C733A313A2232223B'),('4jr3d9552b9fm1mcfm51que1kao5s4du','::1',1541503186,X'5F5F63695F6C6173745F726567656E65726174657C693A313534313530333138363B757365726E616D657C733A353A227761687975223B67726F7570737C733A313A2232223B'),('4s3kmaea6gifdn1dp2oo46pn3gesa4mg','::1',1541504233,X'5F5F63695F6C6173745F726567656E65726174657C693A313534313530343233333B757365726E616D657C733A353A227761687975223B67726F7570737C733A313A2232223B'),('geq8ks29phpm4456dub5o0vclru2ik8m','::1',1541504558,X'5F5F63695F6C6173745F726567656E65726174657C693A313534313530343535383B757365726E616D657C733A353A227761687975223B67726F7570737C733A313A2232223B'),('0nioi580i16g7imndnm3cdg1i93nv0ju','::1',1541504988,X'5F5F63695F6C6173745F726567656E65726174657C693A313534313530343938383B757365726E616D657C733A353A227761687975223B67726F7570737C733A313A2232223B'),('o64nhoob24jnegg2vo3gijldapq392nf','::1',1541505417,X'5F5F63695F6C6173745F726567656E65726174657C693A313534313530353431373B757365726E616D657C733A353A227761687975223B67726F7570737C733A313A2232223B'),('luas47t8j2q995ogceqdqtvnujp4lok1','::1',1541505774,X'5F5F63695F6C6173745F726567656E65726174657C693A313534313530353737343B757365726E616D657C733A353A227761687975223B67726F7570737C733A313A2232223B6572726F727C733A34343A2257726F6E6720616D6F756E74206F7220696E766F6963652049442C20706C656173652074727920616761696E223B5F5F63695F766172737C613A313A7B733A353A226572726F72223B733A333A226F6C64223B7D'),('7u3sqj8l2v6gsapqvmi75r6rkiuoaoo4','::1',1541507611,X'5F5F63695F6C6173745F726567656E65726174657C693A313534313530373631313B757365726E616D657C733A353A227761687975223B67726F7570737C733A313A2232223B'),('bj5l8efbl4vu8m8piduscd74c198e8n6','::1',1541508168,X'5F5F63695F6C6173745F726567656E65726174657C693A313534313530383136383B757365726E616D657C733A353A2261646D696E223B67726F7570737C733A313A2231223B'),('hqp3ndo85huknbvg4fj0o59atptmv80b','::1',1541508872,X'5F5F63695F6C6173745F726567656E65726174657C693A313534313530383837323B757365726E616D657C733A353A2261646D696E223B67726F7570737C733A313A2231223B'),('de8p6j7049hv21u8ik1giuc13i577k6i','::1',1541509192,X'5F5F63695F6C6173745F726567656E65726174657C693A313534313530393139323B757365726E616D657C733A353A2261646D696E223B67726F7570737C733A313A2231223B'),('i201ad3eedrcfus4bnerg2u5ci2fl4v7','::1',1541509536,X'5F5F63695F6C6173745F726567656E65726174657C693A313534313530393533363B757365726E616D657C733A353A2261646D696E223B67726F7570737C733A313A2231223B'),('2u3cveqm1mnp78qu8jqecjh0ptjhlio0','::1',1541509621,X'5F5F63695F6C6173745F726567656E65726174657C693A313534313530393539333B757365726E616D657C733A353A227761687975223B67726F7570737C733A313A2232223B'),('i4so2qfj746se1npke8orkk6pipmut3v','::1',1541596064,X'5F5F63695F6C6173745F726567656E65726174657C693A313534313539363036333B'),('etveccu2mn95p3c8b94cggvfd98kukvu','::1',1541597563,X'5F5F63695F6C6173745F726567656E65726174657C693A313534313539373536323B'),('3c0ekhkod9id84oq5lpedq1q5inneha0','::1',1541598770,X'5F5F63695F6C6173745F726567656E65726174657C693A313534313539383737303B757365726E616D657C733A353A227761687975223B67726F7570737C733A313A2232223B'),('8hclu7gvpa80f57gbfsa3fut5jj8pm1j','::1',1541598931,X'5F5F63695F6C6173745F726567656E65726174657C693A313534313539383737373B'),('il20noc93n4edanf05875ihkt074ed8e','::1',1542105057,X'5F5F63695F6C6173745F726567656E65726174657C693A313534323130353035373B757365726E616D657C733A353A227761687975223B67726F7570737C733A313A2232223B'),('vbm10dbttp78auujd3dir5emv0f4b2co','::1',1542105833,X'5F5F63695F6C6173745F726567656E65726174657C693A313534323130353833333B757365726E616D657C733A353A2261646D696E223B67726F7570737C733A313A2231223B'),('lsgrbp5hbnn413kieal6p16im85id4d8','::1',1542107381,X'5F5F63695F6C6173745F726567656E65726174657C693A313534323130373338313B757365726E616D657C733A353A2261646D696E223B67726F7570737C733A313A2231223B'),('6v7e9sa2ds5m7j58lh0c6rcio4rt1ta3','::1',1542108468,X'5F5F63695F6C6173745F726567656E65726174657C693A313534323130383436383B757365726E616D657C733A353A2261646D696E223B67726F7570737C733A313A2231223B'),('3ee648t5i7i5k8ekmv3noj9e2nv90n66','::1',1542109539,X'5F5F63695F6C6173745F726567656E65726174657C693A313534323130393533393B757365726E616D657C733A353A2261646D696E223B67726F7570737C733A313A2231223B'),('crkmmaviojjsdrgnsco687h5i45p5d1o','::1',1542110327,X'5F5F63695F6C6173745F726567656E65726174657C693A313534323131303332373B'),('6sn4hu3pmvlakud1n6ouh1bpc4n7dfqo','::1',1542110414,X'5F5F63695F6C6173745F726567656E65726174657C693A313534323131303332393B'),('101k14r1lp3sca8lq2g5jmm7mk80br80','::1',1543813585,X'5F5F63695F6C6173745F726567656E65726174657C693A313534333831333538353B757365726E616D657C733A353A227761687975223B67726F7570737C733A313A2232223B636172745F636F6E74656E74737C613A343A7B733A31303A22636172745F746F74616C223B643A3430303030303B733A31313A22746F74616C5F6974656D73223B643A343B733A33323A223866313465343566636565613136376135613336646564643462656132353433223B613A363A7B733A323A226964223B733A313A2237223B733A333A22717479223B643A323B733A353A227072696365223B643A3132303030303B733A343A226E616D65223B733A31343A224B6579626F6172642050616B6574223B733A353A22726F776964223B733A33323A223866313465343566636565613136376135613336646564643462656132353433223B733A383A22737562746F74616C223B643A3234303030303B7D733A33323A223435633438636365326532643766626465613161666335316337633661643236223B613A363A7B733A323A226964223B733A313A2239223B733A333A22717479223B643A323B733A353A227072696365223B643A38303030303B733A343A226E616D65223B733A363A224B656D656A61223B733A353A22726F776964223B733A33323A223435633438636365326532643766626465613161666335316337633661643236223B733A383A22737562746F74616C223B643A3136303030303B7D7D'),('vlp4ntngnh7no2hj2a4b5qjdmi9itr0q','::1',1543815008,X'5F5F63695F6C6173745F726567656E65726174657C693A313534333831353030383B757365726E616D657C733A353A2261646D696E223B67726F7570737C733A313A2231223B'),('br5r2ldsijs3ki5svbhas7411v3lqet5','::1',1543815016,X'5F5F63695F6C6173745F726567656E65726174657C693A313534333831353030393B757365726E616D657C733A353A2261646D696E223B67726F7570737C733A313A2231223B'),('b7jju58p0q207ogmho2srhgrqoi248am','::1',1544022142,X'5F5F63695F6C6173745F726567656E65726174657C693A313534343032323134313B'),('aclp92651k51qq6jkc9v1rjvf6s84ha4','::1',1544542226,X'5F5F63695F6C6173745F726567656E65726174657C693A313534343534323137383B757365726E616D657C733A353A227761687975223B67726F7570737C733A313A2232223B'),('fi67nld9st8dq33bem1h722gqjtf4qfg','::1',1546914816,X'5F5F63695F6C6173745F726567656E65726174657C693A313534363931343831363B636172745F636F6E74656E74737C613A333A7B733A31303A22636172745F746F74616C223B643A3336303030303B733A31313A22746F74616C5F6974656D73223B643A333B733A33323A223866313465343566636565613136376135613336646564643462656132353433223B613A363A7B733A323A226964223B733A313A2237223B733A333A22717479223B643A333B733A353A227072696365223B643A3132303030303B733A343A226E616D65223B733A31343A224B6579626F6172642050616B6574223B733A353A22726F776964223B733A33323A223866313465343566636565613136376135613336646564643462656132353433223B733A383A22737562746F74616C223B643A3336303030303B7D7D757365726E616D657C733A353A2261646D696E223B67726F7570737C733A313A2231223B'),('mtuvic70lq7oqe3nk5hpnpq2qhjm15p5','::1',1546915016,X'5F5F63695F6C6173745F726567656E65726174657C693A313534363931343838353B757365726E616D657C733A383A227072616D75647961223B67726F7570737C733A313A2232223B');
